,RFR_10,RFR_30,RFR_60,SVARMAX_10,SVARMAX_30,SVARMAX_60
MAE,1.2379785699999999,1.8608345300000000,2.1637276900000000,1.053990854,1.4043005710000001,1.9578233599999999
MSE,5.838386780000000,5.838386780000000,5.838386780000000,3.168996512,5.6680743209999997,11.514358270000001
RMSE,2.2641762100000000,3.7407787500000000,4.3799111999999996,1.678637139,2.2094986520000002,3.1246751559999999
,,,,,,
,,,,,,
