,RFR_10,RFR_30,RFR_60,SVARMAX_10,SVARMAX_30,SVARMAX_60
MAE,2.5221002399999999,3.3481080699999999,4.0590598099999999,2.359731295,2.9837356939999999,3.8136869820000001
MSE,19.264053839999999,35.133142059999997,49.549949589999997,14.72725672,21.692871199999999,32.833896799999998
RMSE,4.2329726900000004,5.6476454399999998,6.6530117400000002,3.7347692299999999,4.5169549179999997,5.5432465180000001
